customer,Territory,total_sales,orders,sales_rank,pct_of_total_revenue
Euro Shopping Channel,EMEA,912294.11,26,1,9.09
Mini Gifts Distributors Ltd.,North America,654858.06,17,2,6.53
"Australian Collectors, Co.",APAC,200995.41,5,3,2.0
Muscle Machine Inc,North America,197736.94,4,4,1.97
La Rochelle Gifts,EMEA,180124.9,4,5,1.8
"Dragon Souveniers, Ltd.",Japan,172989.68,5,6,1.72
Land of Toys Inc.,North America,164069.44,4,7,1.64
The Sharp Gifts Warehouse,North America,160010.27,4,8,1.59
"AV Stores, Co.",EMEA,157807.81,3,9,1.57
"Anna's Decorations, Ltd",APAC,153996.13,4,10,1.53
